<?xml version="1.0" encoding="UTF-8" standalone="yes"?>
<addon id="plugin.video.rtd" name="RTD" version="0.0.1" provider-name="Zain aka El Zipa" >
  <requires>
    <import addon="xbmc.python" version="3.0.0" targetversion="3.0.0"/>
  </requires>
  <extension point="xbmc.python.pluginsource" library="addon.py">
        <provides>video</provides>
  </extension>
  <extension point="xbmc.addon.metadata">
        <platform>all</platform>
    <summary lang="de">RTD</summary>
    <description lang="de">RTD Kodi addon scrapes videos and live content from RT & RTD websites to display them on Kodi.</description>
    <disclaimer lang="de">GNU General Public License version </disclaimer>
    <description lang="en">Watch live and recorded content from RT and RTD websites (English, Español, Frances)[CR]Real news, documentaries and history.[CR][CR]Note:[CR]All content in this addon is open free in the internet. Check your local regulations to watch RT and RTD.[CR]https://github.com/Zainpro/</description>
    <disclaimer lang="en">This software is licensed under the GNU General Public License version 2[CR][CR]Copyright (c) 2023. </disclaimer>
    <platform>all</platform>
	<language></language>
	<license></license>
	<forum></forum>
	<website></website>
	<email></email>
	<source></source>
	<news></news>
	<assets>
		<icon>resources/icon.png</icon>
		<fanart>resources/fanart.jpg</fanart>
		<banner></banner>
		<clearlogo></clearlogo>
		<screenshot></screenshot>
	</assets>
  </extension>
</addon>